,0
0,male
1,male
2,male
3,male
4,male
5,male
6,male
7,male
8,male
9,male
10,male
11,male
12,male
13,male
14,male
15,male
16,male
17,male
18,male
19,male
20,male
21,male
22,male
23,male
24,male
25,male
26,male
27,male
28,male
29,male
30,male
31,male
32,male
33,male
34,male
35,male
36,male
37,male
38,male
39,male
40,male
41,male
42,male
43,male
44,male
45,male
46,male
47,male
48,male
49,male
50,male
51,male
52,male
53,male
54,male
55,male
56,male
57,male
58,male
59,male
60,male
61,male
62,male
63,male
64,male
65,male
66,male
67,male
68,male
69,male
70,male
71,male
72,male
73,male
74,male
75,male
76,male
77,male
78,male
79,male
80,male
81,male
82,male
83,male
84,male
85,male
86,male
87,male
88,male
89,male
90,male
91,male
92,male
93,male
94,male
95,male
96,male
97,male
98,male
99,male
100,male
101,male
102,male
103,male
104,male
105,male
106,male
107,male
108,male
109,male
110,male
111,male
112,male
113,male
114,male
115,male
116,male
117,male
118,male
119,male
120,male
121,male
122,male
123,male
124,male
125,male
126,male
127,male
128,male
129,male
130,male
131,male
132,male
133,male
134,male
135,male
136,male
137,male
138,male
139,male
140,male
141,male
142,male
143,male
144,male
145,male
146,male
147,male
148,male
149,male
150,male
151,male
152,male
153,male
154,male
155,male
156,male
157,male
158,male
159,male
160,male
161,male
162,male
163,male
164,male
165,male
166,male
167,male
168,male
169,male
170,male
171,male
172,male
173,male
174,male
175,male
176,male
177,male
178,male
179,male
180,male
181,male
182,male
183,male
184,male
185,male
186,male
187,male
188,male
189,male
190,male
191,male
192,male
193,male
194,male
195,male
196,male
197,male
198,male
199,male
200,male
201,male
202,male
203,male
204,male
205,male
206,male
207,male
208,male
209,male
210,male
211,male
212,male
213,male
214,male
215,male
216,male
217,male
218,male
219,male
220,male
221,male
222,male
223,male
224,male
225,male
226,male
227,male
228,male
229,male
230,male
231,male
232,male
233,male
234,male
235,male
236,male
237,male
238,male
239,male
240,male
241,male
242,male
243,male
244,male
245,male
246,male
247,male
248,male
249,male
250,male
251,male
252,male
253,male
254,male
255,male
256,male
257,male
258,male
259,male
260,male
261,male
262,male
263,male
264,male
265,male
266,male
267,male
268,male
269,male
270,male
271,male
272,male
273,male
274,male
275,male
276,male
277,male
278,male
279,male
280,male
281,male
282,male
283,male
284,male
285,male
286,male
287,male
288,male
289,male
290,male
291,male
292,male
293,male
294,male
295,male
296,male
297,male
298,male
299,male
300,male
301,male
302,male
303,male
304,male
305,male
306,male
307,male
308,male
309,male
310,male
311,male
312,male
313,male
314,male
315,male
316,male
317,male
318,male
319,male
320,male
321,male
322,male
323,male
324,male
325,male
326,male
327,male
328,male
329,male
330,male
331,male
332,male
333,male
334,male
335,male
336,male
337,male
338,male
339,male
340,male
341,male
342,male
343,male
344,male
345,male
346,male
347,male
348,male
349,male
350,male
351,male
352,male
353,male
354,male
355,male
356,male
357,male
358,male
359,male
360,male
361,male
362,male
363,male
364,male
365,male
366,male
367,male
368,male
369,male
370,male
371,male
372,male
373,male
374,male
375,male
376,male
377,male
378,male
379,male
380,male
381,male
382,male
383,male
384,male
385,male
386,male
387,male
388,male
389,male
390,male
391,male
392,male
393,male
394,male
395,male
396,male
397,male
398,male
399,male
400,male
401,male
402,male
403,male
404,male
405,male
406,male
407,male
408,male
409,male
410,male
411,male
412,male
413,male
414,male
415,male
416,male
417,male
418,male
419,male
420,male
421,male
422,male
423,male
424,male
425,male
426,male
427,male
428,male
429,male
430,male
431,male
432,male
433,male
434,male
435,male
436,male
437,male
438,male
439,male
440,male
441,male
442,male
443,male
444,male
445,male
446,male
447,male
448,male
449,male
450,male
451,male
452,male
453,male
454,male
455,male
456,male
457,male
458,male
459,male
460,male
461,male
462,male
463,male
464,male
465,male
466,male
467,male
468,male
469,male
470,male
471,male
472,male
473,male
474,male
475,male
476,male
477,male
478,male
479,male
480,male
481,male
482,male
483,male
484,male
485,male
486,male
487,male
488,male
489,male
490,male
491,male
492,male
493,male
494,male
495,male
496,male
497,male
498,male
499,male
500,male
501,male
502,male
503,male
504,male
505,male
506,male
507,male
508,male
509,male
510,male
511,male
512,male
513,male
514,male
515,male
516,male
517,male
518,male
519,male
520,male
521,male
522,male
523,male
524,male
525,male
526,male
527,male
528,male
529,male
530,male
531,male
532,male
533,male
534,male
535,male
536,male
537,male
538,male
539,male
540,male
541,male
542,male
543,male
544,male
545,male
546,male
547,male
548,male
549,male
550,male
551,male
552,male
553,male
554,male
555,male
556,male
557,male
558,male
559,male
560,male
561,male
562,male
563,male
564,male
565,male
566,male
567,male
568,male
569,male
570,male
571,male
572,male
573,male
574,male
575,male
576,male
577,male
578,male
579,male
580,male
581,male
582,male
583,male
584,male
585,male
586,male
587,male
588,male
589,male
590,male
591,male
592,male
593,male
594,male
595,male
596,male
597,male
598,male
599,male
600,male
601,male
602,male
603,male
604,male
605,male
606,male
607,male
608,male
609,male
610,male
611,male
612,male
613,male
614,male
615,male
616,male
617,male
618,male
619,male
620,male
621,male
622,male
623,male
624,male
625,male
626,male
627,male
628,male
629,male
630,male
631,male
632,male
633,male
634,male
635,male
636,male
637,male
638,male
639,male
640,male
641,male
642,male
643,male
644,male
645,male
646,male
647,male
648,male
649,male
650,male
651,male
652,male
653,male
654,male
655,male
656,male
657,male
658,male
659,male
660,male
661,male
662,male
663,male
664,male
665,male
666,male
667,male
668,male
669,male
670,male
671,male
672,male
673,male
674,male
675,male
676,male
677,male
678,male
679,male
680,male
681,male
682,male
683,male
684,male
685,male
686,male
687,male
688,male
689,male
690,male
691,male
692,male
693,male
694,male
695,male
696,male
697,male
698,male
699,male
700,male
701,male
702,male
703,male
704,male
705,male
706,male
707,male
708,male
709,male
710,male
711,male
712,male
713,male
714,male
715,male
716,male
717,male
718,male
719,female
720,female
721,female
722,female
723,female
724,female
725,female
726,female
727,female
728,female
729,female
730,female
731,female
732,female
733,female
734,female
735,female
736,female
737,female
738,female
739,female
740,female
741,female
742,female
743,female
744,female
745,female
746,female
747,female
748,female
749,female
750,female
751,female
752,female
753,female
754,female
755,female
756,female
757,female
758,female
759,female
760,female
761,female
762,female
763,female
764,female
765,female
766,female
767,female
768,female
769,female
770,female
771,female
772,female
773,female
774,female
775,female
776,female
777,female
778,female
779,female
780,female
781,female
782,female
783,female
784,female
785,female
786,female
787,female
788,female
789,female
790,female
791,female
792,female
793,female
794,female
795,female
796,female
797,female
798,female
799,female
800,female
801,female
802,female
803,female
804,female
805,female
806,female
807,female
808,female
809,female
810,female
811,female
812,female
813,female
814,female
815,female
816,female
817,female
818,female
819,female
820,female
821,female
822,female
823,female
824,female
825,female
826,female
827,female
828,female
829,female
830,female
831,female
832,female
833,female
834,female
835,female
836,female
837,female
838,female
839,female
840,female
841,female
842,female
843,female
844,female
845,female
846,female
847,female
848,female
849,female
850,female
851,female
852,female
853,female
854,female
855,female
856,female
857,female
858,female
859,female
860,female
861,female
862,female
863,female
864,female
865,female
866,female
867,female
868,female
869,female
870,female
871,female
872,female
873,female
874,female
875,female
876,female
877,female
878,female
879,female
880,female
881,female
882,female
883,female
884,female
885,female
886,female
887,female
888,female
889,female
890,female
891,female
892,female
893,female
894,female
895,female
896,female
897,female
898,female
899,female
900,female
901,female
902,female
903,female
904,female
905,female
906,female
907,female
908,female
909,female
910,female
911,female
912,female
913,female
914,female
915,female
916,female
917,female
918,female
919,female
920,female
921,female
922,female
923,female
924,female
925,female
926,female
927,female
928,female
929,female
930,female
931,female
932,female
933,female
934,female
935,female
936,female
937,female
938,female
939,female
940,female
941,female
942,female
943,female
944,female
945,female
946,female
947,female
948,female
949,female
950,female
951,female
952,female
953,female
954,female
955,female
956,female
957,female
958,female
959,female
960,female
961,female
962,female
963,female
964,female
965,female
966,female
967,female
968,female
969,female
970,female
971,female
972,female
973,female
974,female
975,female
976,female
977,female
978,female
979,female
980,female
981,female
982,female
983,female
984,female
985,female
986,female
987,female
988,female
989,female
990,female
991,female
992,female
993,female
994,female
995,female
996,female
997,female
998,female
999,female
1000,female
1001,female
1002,female
1003,female
1004,female
1005,female
1006,female
1007,female
1008,female
1009,female
1010,female
1011,female
1012,female
1013,female
1014,female
1015,female
1016,female
1017,female
1018,female
1019,female
1020,female
1021,female
1022,female
1023,female
1024,female
1025,female
1026,female
1027,female
1028,female
1029,female
1030,female
1031,female
1032,female
1033,female
1034,female
1035,female
1036,female
1037,female
1038,female
1039,female
1040,female
1041,female
1042,female
1043,female
1044,female
1045,female
1046,female
1047,female
1048,female
1049,female
1050,female
1051,female
1052,female
1053,female
1054,female
1055,female
1056,female
1057,female
1058,female
1059,female
1060,female
1061,female
1062,female
1063,female
1064,female
1065,female
1066,female
1067,female
1068,female
1069,female
1070,female
1071,female
1072,female
1073,female
1074,female
1075,female
1076,female
1077,female
1078,female
1079,female
1080,female
1081,female
1082,female
1083,female
1084,female
1085,female
1086,female
1087,female
1088,female
1089,female
1090,female
1091,female
1092,female
1093,female
1094,female
1095,female
1096,female
1097,female
1098,female
1099,female
1100,female
1101,female
1102,female
1103,female
1104,female
1105,female
1106,female
1107,female
1108,female
1109,female
1110,female
1111,female
1112,female
1113,female
1114,female
1115,female
1116,female
1117,female
1118,female
1119,female
1120,female
1121,female
1122,female
1123,female
1124,female
1125,female
1126,female
1127,female
1128,female
1129,female
1130,female
1131,female
1132,female
1133,female
1134,female
1135,female
1136,female
1137,female
1138,female
1139,female
1140,female
1141,female
1142,female
1143,female
1144,female
1145,female
1146,female
1147,female
1148,female
1149,female
1150,female
1151,female
1152,female
1153,female
1154,female
1155,female
1156,female
1157,female
1158,female
1159,female
1160,female
1161,female
1162,female
1163,female
1164,female
1165,female
1166,female
1167,female
1168,female
1169,female
1170,female
1171,female
1172,female
1173,female
1174,female
1175,female
1176,female
1177,female
1178,female
1179,female
1180,female
1181,female
1182,female
1183,female
1184,female
1185,female
1186,female
1187,female
1188,female
1189,female
1190,female
1191,female
1192,female
1193,female
1194,female
1195,female
1196,female
1197,female
1198,female
1199,female
1200,female
1201,female
1202,female
1203,female
1204,female
1205,female
1206,female
1207,female
1208,female
1209,female
1210,female
1211,female
1212,female
1213,female
1214,female
1215,female
1216,female
1217,female
1218,female
1219,female
1220,female
1221,female
1222,female
1223,female
1224,female
1225,female
1226,female
1227,female
1228,female
1229,female
1230,female
1231,female
1232,female
1233,female
1234,female
1235,female
1236,female
1237,female
1238,female
1239,female
1240,female
1241,female
1242,female
1243,female
1244,female
1245,female
1246,female
1247,female
1248,female
1249,female
1250,female
1251,female
1252,female
1253,female
1254,female
1255,female
1256,female
1257,female
1258,female
1259,female
1260,female
1261,female
1262,female
1263,female
1264,female
1265,female
1266,female
1267,female
1268,female
1269,female
1270,female
1271,female
1272,female
1273,female
1274,female
1275,female
1276,female
1277,female
1278,female
1279,female
1280,female
1281,female
1282,female
1283,female
1284,female
1285,female
1286,female
1287,female
1288,female
1289,female
1290,female
1291,female
1292,female
1293,female
1294,female
1295,female
1296,female
1297,female
1298,female
1299,female
1300,female
1301,female
1302,female
1303,female
1304,female
1305,female
1306,female
1307,female
1308,female
1309,female
1310,female
1311,female
1312,female
1313,female
1314,female
1315,female
1316,female
1317,female
1318,female
1319,female
1320,female
1321,female
1322,female
1323,female
1324,female
1325,female
1326,female
1327,female
1328,female
1329,female
1330,female
1331,female
1332,female
1333,female
1334,female
1335,female
1336,female
1337,female
1338,female
1339,female
1340,female
1341,female
1342,female
1343,female
1344,female
1345,female
1346,female
1347,female
1348,female
1349,female
1350,female
1351,female
1352,female
1353,female
1354,female
1355,female
1356,female
1357,female
1358,female
1359,female
1360,female
1361,female
1362,female
1363,female
1364,female
1365,female
1366,female
1367,female
1368,female
1369,female
1370,female
1371,female
1372,female
1373,female
1374,female
1375,female
1376,female
1377,female
1378,female
1379,female
1380,female
1381,female
1382,female
1383,female
1384,female
1385,female
1386,female
1387,female
1388,female
1389,female
1390,female
1391,female
1392,female
1393,female
1394,female
1395,female
1396,female
1397,female
1398,female
1399,female
1400,female
1401,female
1402,female
1403,female
1404,female
1405,female
1406,female
1407,female
1408,female
1409,female
1410,female
1411,female
1412,female
1413,female
1414,female
1415,female
1416,female
1417,female
1418,female
1419,female
1420,female
1421,female
1422,female
1423,female
1424,female
1425,female
1426,female
1427,female
1428,female
1429,female
1430,female
1431,female
1432,female
1433,female
1434,female
1435,female
1436,female
1437,female
1438,female
1439,female
1440,female
1441,female
1442,female
1443,female
1444,female
1445,female
1446,female
